{"cameraMode":{"drawMode":0,"name":"Shaded","section":"Shading Mode"},"sceneLighting":true,"audioPlay":false,"sceneViewState":{"m_AlwaysRefresh":false,"showFog":true,"showSkybox":true,"showFlares":true,"showImageEffects":true,"showParticleSystems":true,"showVisualEffectGraphs":true,"m_FxEnabled":true},"in2DMode":false,"pivot":{"x":-8.070460319519043,"y":8.658836364746094,"z":-0.9796915054321289},"rotation":{"x":0.2762249708175659,"y":-0.015856342390179635,"z":0.004567148629575968,"w":0.9609681367874146},"size":5.8626933097839359,"orthographic":true}